Workbook

Sheet assessments(Row)
A1: assessment_id | B1: month | C1: course_id | D1: batch | E1: score | F1: attendance_pct | G1: pass_flag
A2: 1 | B2: Jan | C2: C1 | D2: Morning | E2: 72 | F2: 90 | G2: =IF(E2>=50,1,0) -> 1
A3: 2 | B3: Jan | C3: C2 | D3: Evening | E3: 45 | F3: 70 | G3: =IF(E3>=50,1,0) -> 0
A4: 3 | B4: Jan | C4: C3 | D4: Morning | E4: 65 | F4: 85 | G4: =IF(E4>=50,1,0) -> 1
A5: 4 | B5: Jan | C5: C4 | D5: Weekend | E5: 38 | F5: 60 | G5: =IF(E5>=50,1,0) -> 0
A6: 5 | B6: Feb | C6: C1 | D6: Evening | E6: 80 | F6: 95 | G6: =IF(E6>=50,1,0) -> 1
A7: 6 | B7: Feb | C7: C2 | D7: Weekend | E7: 55 | F7: 80 | G7: =IF(E7>=50,1,0) -> 1
A8: 7 | B8: Feb | C8: C3 | D8: Morning | E8: 48 | F8: 75 | G8: =IF(E8>=50,1,0) -> 0
A9: 8 | B9: Feb | C9: C4 | D9: Evening | E9: 68 | F9: 88 | G9: =IF(E9>=50,1,0) -> 1
A10: 9 | B10: Mar | C10: C1 | D10: Weekend | E10: 90 | F10: 98 | G10: =IF(E10>=50,1,0) -> 1
A11: 10 | B11: Mar | C11: C2 | D11: Morning | E11: 60 | F11: 82 | G11: =IF(E11>=50,1,0) -> 1
A12: 11 | B12: Mar | C12: C3 | D12: Evening | E12: 75 | F12: 92 | G12: =IF(E12>=50,1,0) -> 1
A13: 12 | B13: Mar | C13: C4 | D13: Weekend | E13: 42 | F13: 65 | G13: =IF(E13>=50,1,0) -> 0
A14: 12 | B14: Mar | C14: C4 | D14: Weekend | E14: 42 | F14: 65 | G14: =IF(E14>=50,1,0) -> 0

Sheet courses(lookup)
A1: course_id | B1: course | C1: department
A2: C1 | B2: Excel | C2: Business
A3: C2 | B3: PowerBI | C3: Business
A4: C3 | B4: SQL | C4: Technology
A5: C4 | B5: Python | C5: Technology

Sheet Clean
A1: assessment_id | B1: month | C1: course_id | D1: batch | E1: score | F1: attendance_pct | G1: Department | H1: pass_flag
A2: 1 | B2: Jan | C2: C1 | D2: Morning | E2: 72 | F2: 90 | G2: =INDEX('courses(lookup)'!$C$2:$C$5,MATCH(C2,'courses(lookup)'!$A$2:$A$5,0)) -> Business | H2: =IF(E2>=50,1,0) -> 1
A3: 2 | B3: Jan | C3: C2 | D3: Evening | E3: 45 | F3: 70 | G3: =INDEX('courses(lookup)'!$C$2:$C$5,MATCH(C3,'courses(lookup)'!$A$2:$A$5,0)) -> Business | H3: =IF(E3>=50,1,0) -> 0
A4: 3 | B4: Jan | C4: C3 | D4: Morning | E4: 65 | F4: 85 | G4: =INDEX('courses(lookup)'!$C$2:$C$5,MATCH(C4,'courses(lookup)'!$A$2:$A$5,0)) -> Technology | H4: =IF(E4>=50,1,0) -> 1
A5: 4 | B5: Jan | C5: C4 | D5: Weekend | E5: 38 | F5: 60 | G5: =INDEX('courses(lookup)'!$C$2:$C$5,MATCH(C5,'courses(lookup)'!$A$2:$A$5,0)) -> Technology | H5: =IF(E5>=50,1,0) -> 0
A6: 5 | B6: Feb | C6: C1 | D6: Evening | E6: 80 | F6: 95 | G6: =INDEX('courses(lookup)'!$C$2:$C$5,MATCH(C6,'courses(lookup)'!$A$2:$A$5,0)) -> Business | H6: =IF(E6>=50,1,0) -> 1
A7: 6 | B7: Feb | C7: C2 | D7: Weekend | E7: 55 | F7: 80 | G7: =INDEX('courses(lookup)'!$C$2:$C$5,MATCH(C7,'courses(lookup)'!$A$2:$A$5,0)) -> Business | H7: =IF(E7>=50,1,0) -> 1
A8: 7 | B8: Feb | C8: C3 | D8: Morning | E8: 48 | F8: 75 | G8: =INDEX('courses(lookup)'!$C$2:$C$5,MATCH(C8,'courses(lookup)'!$A$2:$A$5,0)) -> Technology | H8: =IF(E8>=50,1,0) -> 0
A9: 8 | B9: Feb | C9: C4 | D9: Evening | E9: 68 | F9: 88 | G9: =INDEX('courses(lookup)'!$C$2:$C$5,MATCH(C9,'courses(lookup)'!$A$2:$A$5,0)) -> Technology | H9: =IF(E9>=50,1,0) -> 1
A10: 9 | B10: Mar | C10: C1 | D10: Weekend | E10: 90 | F10: 98 | G10: =INDEX('courses(lookup)'!$C$2:$C$5,MATCH(C10,'courses(lookup)'!$A$2:$A$5,0)) -> Business | H10: =IF(E10>=50,1,0) -> 1
A11: 10 | B11: Mar | C11: C2 | D11: Morning | E11: 60 | F11: 82 | G11: =INDEX('courses(lookup)'!$C$2:$C$5,MATCH(C11,'courses(lookup)'!$A$2:$A$5,0)) -> Business | H11: =IF(E11>=50,1,0) -> 1
A12: 11 | B12: Mar | C12: C3 | D12: Evening | E12: 75 | F12: 92 | G12: =INDEX('courses(lookup)'!$C$2:$C$5,MATCH(C12,'courses(lookup)'!$A$2:$A$5,0)) -> Technology | H12: =IF(E12>=50,1,0) -> 1
A13: 12 | B13: Mar | C13: C4 | D13: Weekend | E13: 42 | F13: 65 | G13: =INDEX('courses(lookup)'!$C$2:$C$5,MATCH(C13,'courses(lookup)'!$A$2:$A$5,0)) -> Technology | H13: =IF(E13>=50,1,0) -> 0
A17: Item | B17: Count
A18: Before duplicate removal | B18: 13
A19: After duplicate removal | B19: 12

Sheet Summary
A1: Batch | B1: Passing Assessments
A2: Morning | B2: =COUNTIFS(Clean!$D$2:$D$13,A2,Clean!$H$2:$H$13,1) -> 3
A3: Evening | B3: =COUNTIFS(Clean!$D$2:$D$13,A3,Clean!$H$2:$H$13,1) -> 3
A4: Weekend | B4: =COUNTIFS(Clean!$D$2:$D$13,A4,Clean!$H$2:$H$13,1) -> 2
A9: Average of score | B9: Column Labels
A10: Row Labels | B10: Jan | C10: Feb | D10: Mar | E10: Grand Total
A11: Business | B11: 58.5 | C11: 67.5 | D11: 75 | E11: 67
A12: Technology | B12: 51.5 | C12: 58 | D12: 58.5 | E12: 56
A13: Grand Total | B13: 55 | C13: 62.75 | D13: 66.75 | E13: 61.5
